,repository,package,fix_commit,dep_file_fix_version,min_satisfying_version,latest_stable_version,pr_version,pr_number,pr_date,fix_date,pr_fix_diff,inspired
0,11ways/hawkejs,codecov,4da569b5a8f00e46e474b33540df0af216e1e60f,~3.6.5,3.6.5,4.0.0-0,3.6.5,10,2020-02-19T17:58:07Z,2020-03-05 19:09:50+01:00,"15,0",True
1,18F/fedramp-dashboard,angular,210d563a25b6ac50849109540b279616e598a1c2,1.7.9,1.7.9,1.7.9,1.7.8,83,2019-11-15T05:23:15Z,2020-05-13 09:15:59-04:00,"180,7",False
2,18F/fedramp-dashboard,angular,210d563a25b6ac50849109540b279616e598a1c2,1.7.9,1.7.9,1.7.9,1.7.9,91,2020-05-12T22:37:26Z,2020-05-13 09:15:59-04:00,"0,14",False
3,18F/fedramp-dashboard,angular,210d563a25b6ac50849109540b279616e598a1c2,1.7.9,1.7.9,1.7.9,1.7.8,83,2019-11-15T05:23:15Z,2020-05-13 09:15:59-04:00,"180,7",False
4,18F/fedramp-dashboard,angular,210d563a25b6ac50849109540b279616e598a1c2,1.7.9,1.7.9,1.7.9,1.7.9,91,2020-05-12T22:37:26Z,2020-05-13 09:15:59-04:00,"0,14",False
5,AGProjects/sylk-webrtc,eslint,30539c923361524dfe604827f2fd6ade941790cc,^4.19.1,4.19.1,6.6.0,4.18.2,7,2019-10-31T18:33:15Z,2019-11-01 10:22:24+00:00,"0,15",False
6,AGProjects/sylk-webrtc,minimist,de156d1f33f46ea07907b2ff8ed8e73fd16d9f1b,^1.2.5,1.2.5,1.2.5,1.2.5,9,2020-03-16T03:43:38Z,2020-03-25 10:31:12+00:00,"9,6",False
7,AGProjects/sylk-webrtc,minimist,de156d1f33f46ea07907b2ff8ed8e73fd16d9f1b,^1.2.5,1.2.5,1.2.5,1.2.2,11,2020-03-19T12:20:43Z,2020-03-25 10:31:12+00:00,"5,22",False
8,AGProjects/sylk-webrtc,minimist,7b350c0cba55754b991852b6ffcb04c567a25e27,^1.2.5,1.2.5,1.2.5,1.2.5,9,2020-03-16T03:43:38Z,2020-03-19 12:40:33+00:00,"3,8",False
9,AGProjects/sylk-webrtc,minimist,7b350c0cba55754b991852b6ffcb04c567a25e27,^1.2.5,1.2.5,1.2.5,1.2.2,11,2020-03-19T12:20:43Z,2020-03-19 12:40:33+00:00,"0,0",False
10,AdguardTeam/AdguardBrowserExtension,lodash,65536d813f7fdb1756a88b21144530de0b792187,^4.17.11,4.17.11,4.17.15,4.17.13,1443,2019-07-13T03:56:20Z,2020-05-19 14:28:57+03:00,"311,7",False
11,AdguardTeam/Scriptlets,js-yaml,1fc5737d06bd6629484cd3d7ee58084fb0a9abae,^3.13.1,3.13.1,3.13.1,3.13.1,27,2019-06-06T05:15:54Z,2019-06-06 13:10:03+03:00,"0,4",False
12,AdguardTeam/Scriptlets,js-yaml,1fc5737d06bd6629484cd3d7ee58084fb0a9abae,^3.13.1,3.13.1,3.13.1,3.13.1,27,2019-06-06T05:15:54Z,2019-06-06 13:10:03+03:00,"0,4",False
13,Amsterdam/signals-frontend,eslint,a75999c32f45358a75db5c807f5d5e12e31cf571,^6.5.1,6.5.1,6.5.1,4.18.2,302,2019-08-30T14:04:59Z,2019-10-18 09:54:56+02:00,"48,17",False
14,Amsterdam/signals-frontend,minimist,0519f5c608ab9e8722eb6f7cd041c98a0008ac9b,^1.2.5,1.2.5,1.2.5,1.2.2,681,2020-03-17T04:32:45Z,2020-03-18 07:46:03+01:00,"1,2",False
15,AresMUSH/ares-webportal,https-proxy-agent,abea55f8dac55074ce161873b6abfa80382b2d39,^2.2.4,2.2.4,5.0.0,2.2.4,68,2020-04-16T17:53:36Z,2020-10-11 17:47:59-04:00,"178,3",True
16,AresMUSH/ares-webportal,https-proxy-agent,abea55f8dac55074ce161873b6abfa80382b2d39,^2.2.4,2.2.4,5.0.0,2.2.4,68,2020-04-16T17:53:36Z,2020-10-11 17:47:59-04:00,"178,3",True
17,Backendless/Console-SDK,lodash,578e1ccf09dba6cee56a9c3539bd1e4ea6cf3600,^4.17.2,4.17.2,4.17.15,4.17.13,72,2019-10-28T15:34:50Z,2020-03-04 10:59:55+02:00,"127,17",False
18,BoostIO/Boostnote,eslint,27e403108cab69689bc160b8e9b38b7e865cf955,^4.18.2,4.18.2,6.8.0,4.18.2,3325,2019-10-29T04:30:13Z,2020-02-05 09:46:18+13:00,"98,16",True
19,C0deboy/jaki-jezyk-programowania,npm,97a0e213a54b51b8ff2930b80635d3504a68c48b,^6.14.1,6.14.1,6.14.1,6.13.4,6,2019-12-13T19:05:01Z,2020-03-03 17:27:44+01:00,"80,21",False
20,C0deboy/jaki-jezyk-programowania,npm,97a0e213a54b51b8ff2930b80635d3504a68c48b,^6.14.1,6.14.1,6.14.1,6.13.4,6,2019-12-13T19:05:01Z,2020-03-03 17:27:44+01:00,"80,21",False
21,C0deboy/jaki-jezyk-programowania,npm,97a0e213a54b51b8ff2930b80635d3504a68c48b,^6.14.1,6.14.1,6.14.1,6.13.4,6,2019-12-13T19:05:01Z,2020-03-03 17:27:44+01:00,"80,21",False
22,C0deboy/jaki-jezyk-programowania,jquery,b7c6bd01d071c88bd74753abdafc4db9eb106637,^3.5.1,3.5.1,3.5.1,3.5.0,8,2020-04-29T22:58:31Z,2020-08-02 10:58:49+02:00,"94,10",False
23,C0deboy/jaki-jezyk-programowania,jquery,b7c6bd01d071c88bd74753abdafc4db9eb106637,^3.5.1,3.5.1,3.5.1,3.5.0,8,2020-04-29T22:58:31Z,2020-08-02 10:58:49+02:00,"94,10",False
24,Caltech-IPAC/firefly,lodash,0a339dd8cb82f497f43ebb8c1b785b3233ede541,~4.17,4.17.0,4.17.15,4.17.13,890,2019-10-16T22:33:00Z,2020-02-04 15:54:49-08:00,"111,1",False
25,ChildMindInstitute/mindlogger-app,lodash-es,117e447ac1c7ac5943695acf8b12007383728bf4,^4.17.15,4.17.15,4.17.15,4.17.15,252,2019-08-20T19:26:02Z,2019-08-26 09:56:55-04:00,"5,18",False
26,City-of-Helsinki/mvj-ui,codecov,58a46c04b8793eb30decada60c040faaa67d9c91,^3.5.0,3.5.0,4.0.0-0,3.6.5,304,2020-02-19T18:19:16Z,2020-03-04 10:08:29+02:00,"13,13",False
27,CivicActions/civicactions.com,lodash,5bdab8c14fac065816820899fc1d6c9d009f2eed,^4.17.10,4.17.10,4.17.15,4.17.13,597,2019-08-15T19:12:41Z,2019-08-15 14:48:04-07:00,"0,2",False
28,CivicActions/civicactions.com,axios,5bdab8c14fac065816820899fc1d6c9d009f2eed,^0.18.0,0.18.0,0.19.0,0.18.1,598,2019-08-15T19:12:47Z,2019-08-15 14:48:04-07:00,"0,2",False
29,DBCDK/content-first,knex,3365dd3534d88b86cde39096f932ecf115002d38,>=0.19.5,0.19.5,0.20.8,0.19.5,1180,2019-10-21T16:44:01Z,2020-01-21 10:29:42+01:00,"91,16",True
30,Datawheel/canon,sequelize,2f3476a7de99c7b3cd40eb2e92428bd7f650c983,^4.13.10,4.13.10,6.0.0,5.15.1,808,2019-11-06T17:18:08Z,2020-05-13 16:57:10-04:00,"189,3",False
31,Datawheel/canon,sequelize,2f3476a7de99c7b3cd40eb2e92428bd7f650c983,^4.13.10,4.13.10,6.0.0,4.44.3,809,2019-11-06T17:53:43Z,2020-05-13 16:57:10-04:00,"189,3",False
32,Datawheel/canon,sequelize,2f3476a7de99c7b3cd40eb2e92428bd7f650c983,^4.13.10,4.13.10,6.0.0,5.15.1,808,2019-11-06T17:18:08Z,2020-05-13 16:57:10-04:00,"189,3",False
33,Datawheel/canon,sequelize,2f3476a7de99c7b3cd40eb2e92428bd7f650c983,^4.13.10,4.13.10,6.0.0,4.44.3,809,2019-11-06T17:53:43Z,2020-05-13 16:57:10-04:00,"189,3",False
34,ErikVerheul/OneBacklog,jquery,37919f166bccf13683924228c37365167a9d625c,^3.5.0,3.5.0,3.5.1,3.5.0,2,2020-04-30T01:23:26Z,2020-05-07 11:03:01+02:00,"7,7",True
35,ErikVerheul/OneBacklog,jquery,37919f166bccf13683924228c37365167a9d625c,^3.5.0,3.5.0,3.5.1,3.5.0,2,2020-04-30T01:23:26Z,2020-05-07 11:03:01+02:00,"7,7",True
36,ExploreConsulting/netsuite-fasttrack-toolkit-ss2,lodash,85e3cfc0d79a7532e94df870eac14fc8c832026b,^4.17.11,4.17.11,4.17.15,4.17.13,26,2019-11-05T22:04:00Z,2020-02-18 12:19:25-08:00,"104,22",False
37,Faithlife/styled-ui,esm,feaa2131daeb8220b7c7eedb15c74fbd91356c5d,^3.0.24,3.0.24,3.2.25,3.1.0,271,2019-10-28T21:44:03Z,2020-03-04 14:33:36-08:00,"128,0",False
38,GMOD/jbrowse,dojox,6945723678bb1b3c823bd975ac9330620463ba76,^1.14.2,1.14.2,1.16.2,1.16.1,1468,2020-02-13T22:21:45Z,2020-03-18 23:11:33-04:00,"34,4",False
39,GMOD/jbrowse,dojox,6945723678bb1b3c823bd975ac9330620463ba76,^1.14.2,1.14.2,1.16.2,1.16.2,1481,2020-03-10T18:06:20Z,2020-03-18 23:11:33-04:00,"8,9",False
40,GMOD/jbrowse,yarn,6945723678bb1b3c823bd975ac9330620463ba76,^1.16.0,1.16.0,1.22.4,1.22.0,1470,2020-02-14T23:40:19Z,2020-03-18 23:11:33-04:00,"33,3",False
41,GMOD/jbrowse,dojo,6945723678bb1b3c823bd975ac9330620463ba76,^1.14.2,1.14.2,1.16.2,1.16.2,1482,2020-03-10T18:06:21Z,2020-03-18 23:11:33-04:00,"8,9",False
42,Hacker0x01/react-datepicker,webpack-dev-server,0494a5baf217d44de90883fe41528b423601d248,^3.8.0,3.8.0,3.8.0,3.1.11,1852,2019-08-21T09:30:45Z,2019-08-21 12:59:40+02:00,"0,1",False
43,HumanRightsMeasurementInitiative/hrmi-dataportal,minimist,0a30e8e4f33f0d4ce158a77474c19bb44f6eedea,^1.2.5,1.2.5,1.2.5,1.2.5,119,2020-04-04T20:09:32Z,2020-05-04 13:12:11+02:00,"29,15",False
44,IBM/openapi-validator,lodash,17735d0b4ee96afd250192fbcc58bb3ed8b14d8b,^4.17.15,4.17.15,4.17.15,4.17.13,113,2019-11-20T02:50:34Z,2019-12-15 15:11:53-08:00,"25,20",False
45,ICIJ/datashare-client,lodash,c7c2baa7cef34bcf210adba189b51d32b443c69a,^4.17.14,4.17.14,4.17.14,4.17.13,23,2019-07-12T18:06:05Z,2019-07-17 16:39:05+00:00,"4,22",False
46,IFRCGo/go-frontend,acorn,9354d6922d210c4d840230fa60254973afc8e7e6,^6.0.0,6.0.0,7.2.0,6.4.1,1003,2020-03-13T23:04:44Z,2020-05-12 18:42:58+05:45,"59,13",False
47,Kommunicate-io/Kommunicate-Web-SDK,minimist,310e565166bb95f922b3722a1dd0d0f75fc9a758,1.2.5,1.2.5,1.2.5,1.2.5,449,2020-04-06T16:13:11Z,2020-05-08 00:41:49+05:30,"31,2",False
48,MoTrPAC/motrpac-frontend,auth0-js,92276b98bd57541bc2126ca33435dd3bf1d980c1,^9.13.2,9.13.2,9.13.2,9.13.2,63,2020-04-10T18:46:47Z,2020-04-22 10:31:53-07:00,"11,22",False
49,MoTrPAC/motrpac-frontend,jquery,334185f5b24a680419feee757e9162c4662e36e8,^3.5.1,3.5.1,3.5.1,3.5.0,65,2020-04-30T00:55:35Z,2020-05-05 13:02:46-07:00,"5,19",False
50,MoTrPAC/motrpac-frontend,jquery,334185f5b24a680419feee757e9162c4662e36e8,^3.5.1,3.5.1,3.5.1,3.5.0,65,2020-04-30T00:55:35Z,2020-05-05 13:02:46-07:00,"5,19",False
51,Modernizr/Modernizr,lodash,569b6824bebed3eb6cec50eb42434a05f147d3c9,^4.17.14,4.17.14,4.17.14,4.17.13,2461,2019-07-11T18:38:38Z,2019-07-12 21:33:10+02:00,"1,0",False
52,OpenKnowledgeMaps/Headstart,handlebars,6243a280d7b76c5852a627b473059569f91990f5,^4.5.1,4.5.1,4.5.1,4.1.2,385,2019-10-31T16:07:37Z,2019-11-12 17:04:22+00:00,"12,0",False
53,OpenKnowledgeMaps/Headstart,bootstrap,f6ba2f7c7acacb72500d81ea56a10747f219082c,3.4.1,3.4.1,4.5.2,3.4.1,401,2020-01-30T19:39:39Z,2020-10-06 15:35:01+02:00,"249,17",True
54,OpenKnowledgeMaps/Headstart,bootstrap,f6ba2f7c7acacb72500d81ea56a10747f219082c,3.4.1,3.4.1,4.5.2,3.4.1,401,2020-01-30T19:39:39Z,2020-10-06 15:35:01+02:00,"249,17",True
55,OpenKnowledgeMaps/Headstart,bootstrap,f6ba2f7c7acacb72500d81ea56a10747f219082c,3.4.1,3.4.1,4.5.2,3.4.1,401,2020-01-30T19:39:39Z,2020-10-06 15:35:01+02:00,"249,17",True
56,OpenKnowledgeMaps/Headstart,jquery,638381602150a41ea4caf20e53910f019df4bc40,^3.5.1,3.5.1,3.5.1,3.4.0,383,2019-10-31T16:07:36Z,2020-06-25 12:02:56+02:00,"237,17",False
57,OpenKnowledgeMaps/Headstart,jquery,638381602150a41ea4caf20e53910f019df4bc40,^3.5.1,3.5.1,3.5.1,3.5.0,429,2020-04-29T23:11:20Z,2020-06-25 12:02:56+02:00,"56,10",False
58,OpenKnowledgeMaps/Headstart,jquery,638381602150a41ea4caf20e53910f019df4bc40,^3.5.1,3.5.1,3.5.1,3.4.0,383,2019-10-31T16:07:36Z,2020-06-25 12:02:56+02:00,"237,17",False
59,OpenKnowledgeMaps/Headstart,jquery,638381602150a41ea4caf20e53910f019df4bc40,^3.5.1,3.5.1,3.5.1,3.5.0,429,2020-04-29T23:11:20Z,2020-06-25 12:02:56+02:00,"56,10",False
60,OpenNeuroOrg/openneuro,codecov,4521dffd47e2873084ba962eb031935870105311,^3.0.0,3.0.0,4.0.0-0,3.6.5,1546,2020-02-19T18:48:35Z,2020-02-20 15:14:08-08:00,"1,4",False
61,OpenUserJS/OpenUserJS.org,jquery,f645d88b8249c48c616d3d3525075767da7bf3de,3.5.1,3.5.1,3.5.1,3.5.0,1719,2020-04-29T22:53:31Z,2020-05-15 13:25:01-06:00,"15,20",False
62,OpenUserJS/OpenUserJS.org,jquery,f645d88b8249c48c616d3d3525075767da7bf3de,3.5.1,3.5.1,3.5.1,3.5.0,1719,2020-04-29T22:53:31Z,2020-05-15 13:25:01-06:00,"15,20",False
63,OrangeXC/gank,codecov,9800cfc30d2baacc3870f3eb344bb27812592200,^3.6.5,3.6.5,4.0.0-0,3.6.5,299,2020-02-19T18:42:45Z,2020-03-01 15:15:59+08:00,"10,12",True
64,Photosynq/PhotosynQ-Documentation,minimist,ce144a5b47da42151c38720f0867406f9e0725ef,^1.2.5,1.2.5,1.2.5,1.2.2,5,2020-03-16T18:58:55Z,2020-03-24 09:52:42-04:00,"7,18",False
65,Plant-for-the-Planet-org/treecounter-app,webpack-dev-server,e0e86f4143a71803d72709f94c641611585cdad2,^3.9.0,3.9.0,3.9.0,3.1.11,916,2019-06-16T22:06:21Z,2019-11-21 16:39:47+01:00,"157,17",False
66,RebusFoundation/reader-api,knex,9b03416fc33f27f1c77ffea8d7469f6444920ab4,^0.19.5,0.19.5,0.19.5,0.19.5,365,2019-10-21T17:34:17Z,2019-10-23 11:26:16-04:00,"1,21",False
67,RecallGraph/RecallGraph,lodash,9f8abc6c34004d0951744d85dc15729b9a12b8af,>=4.17.13,4.17.13,4.17.15,4.17.15,4,2019-07-23T06:12:59Z,2019-07-23 11:43:02+05:30,"0,0",False
68,RobinHerbots/Inputmask,lodash,378a7d171d3b9983b3039d356f4041ee55532194,^4.17.19,4.17.19,4.17.19,4.17.15,2307,2020-04-13T16:21:12Z,2020-07-30 14:17:13+02:00,"107,19",False
69,SAP/luigi,lodash.template,7586ed8f0f1d986be4202cc2abcf0198f6532896,>=4.5.0,4.5.0,4.5.0,4.5.0,645,2019-07-11T01:40:39Z,2019-07-11 14:15:23+02:00,"0,10",False
70,Shyam-Chen/Vue-Starter,lodash,b7dc7b1c5a9079c34a5581f0c4e62ba11b8a768d,4.17.15,4.17.15,4.17.15,4.17.15,44,2019-10-29T03:54:08Z,2019-12-19 10:09:21+08:00,"50,22",False
71,Shyam-Chen/Vue-Starter,lodash,b7dc7b1c5a9079c34a5581f0c4e62ba11b8a768d,4.17.15,4.17.15,4.17.15,4.17.15,44,2019-10-29T03:54:08Z,2019-12-19 10:09:21+08:00,"50,22",False
72,StatEngine/stat-engine,webpack-bundle-analyzer,ae4c2f15d97bb7bbe63d3c2acef40ad9d5bf4af3,^3.3.2,3.3.2,3.6.0,3.3.2,393,2019-10-28T22:39:43Z,2019-10-29 15:57:33-10:00,"1,3",True
73,StatEngine/stat-engine,angular,5b5ee56b376c98bc7abf3046e7b46f4720f25821,^1.8.2,1.8.2,1.8.2,1.7.9,416,2019-11-20T15:48:49Z,2021-02-09 15:16:00-05:00,"447,4",False
74,StataBS/indikatoren,serialize-javascript,32a4d87fa169c2517085361f37ab4ad6658c44dd,^2.1.2,2.1.2,3.0.0,2.1.1,1599,2019-12-05T18:59:03Z,2020-02-19 09:20:43+01:00,"75,13",False
75,StataBS/indikatoren,jquery,4399f22ebd967523c6a0ccd7ccd7a6a0b19e97f9,^3.5.1,3.5.1,3.5.1,3.5.0,1759,2020-04-29T23:15:11Z,2020-07-10 08:45:34+02:00,"71,7",False
76,StataBS/indikatoren,jquery,4399f22ebd967523c6a0ccd7ccd7a6a0b19e97f9,^3.5.1,3.5.1,3.5.1,3.5.0,1759,2020-04-29T23:15:11Z,2020-07-10 08:45:34+02:00,"71,7",False
77,StraboSpot/strabo-mobile,lodash.mergewith,c0025e5359bd5fc94e593d66ad0646ceaaa2ec6c,>=4.6.2,4.6.2,4.6.2,4.6.2,595,2019-10-29T18:29:30Z,2019-10-29 12:02:57-07:00,"0,0",False
78,StraboSpot/strabo-mobile,mixin-deep,e6413b2542760a4034010aad6d7bede5ecc02e98,>=1.3.2,1.3.2,2.0.1,1.3.2,596,2019-10-29T18:29:30Z,2019-10-29 11:59:45-07:00,"0,0",True
79,StraboSpot/strabo-mobile,eslint,72e4895b8d2a82468680e8989c4b73415961b84e,>=4.18.2,4.18.2,6.6.0,4.18.2,597,2019-10-29T18:29:31Z,2019-10-29 12:04:43-07:00,"0,0",True
80,StraboSpot/strabo-mobile,handlebars,aadc6ac54d1145696da29fb42241b0120fa4e072,>=4.0.14,4.0.14,4.5.1,4.5.1,598,2019-10-29T18:29:35Z,2019-10-29 11:58:26-07:00,"0,0",False
81,StraboSpot/strabo-mobile,bower,ea9e5f442e7ef1ebf371543cae59623c15a47fc4,^1.8.8,1.8.8,1.8.8,1.8.8,599,2019-10-29T18:30:13Z,2019-10-29 11:52:21-07:00,"0,0",False
82,StraboSpot/strabo-mobile,fstream,a704ccdfb70db914a6f07d1429a7995c60577403,>=1.0.12,1.0.12,1.0.12,1.0.12,600,2019-10-29T18:58:08Z,2019-10-29 12:10:48-07:00,"0,0",False
83,StraboSpot/strabo-mobile,tar,afc3367bbc6fc00aa3f0ff96cc32b29886d476d0,>=2.2.2,2.2.2,5.0.5,2.2.2,601,2019-10-29T19:00:05Z,2019-10-29 12:11:38-07:00,"0,0",True
84,StraboSpot/strabo-mobile,extend,3f5c6244b2117357b831386c9607a0ebadfeb67e,>=3.0.2,3.0.2,3.0.2,3.0.2,602,2019-10-29T19:01:24Z,2019-10-29 12:12:26-07:00,"0,0",False
85,TaleLin/lin-ui,lodash,990cf5e5aba5108adf4355199e4c8b3b92ef8448,^4.17.15,4.17.15,4.17.15,4.17.13,594,2019-11-14T16:03:00Z,2020-05-13 12:00:05+08:00,"180,11",False
86,TankerHQ/sdk-js,codecov,5f8b774afab855ba369677406d06931ec2fdff89,3.6.5,3.6.5,4.0.0-0,3.6.5,9,2020-02-19T18:05:56Z,2020-02-20 10:35:07+01:00,"0,15",True
87,Tsuk1ko/cq-picsearcher-bot,minimist,c0ff5c7d5e5b3295e5a5daaa8f76214dca3de6a7,^1.2.5,1.2.5,1.2.5,1.2.2,51,2020-03-17T08:27:48Z,2020-03-17 16:30:27+08:00,"0,0",False
88,alexlitel/congresstweets-automator,eslint,9ac0fb8cbff04b6e9b2b707ab13165619fb1c715,^6.8.0,6.8.0,6.8.0,4.18.2,12,2019-10-12T23:55:46Z,2020-05-02 12:24:11-07:00,"202,19",False
89,algenty/grafana-flowcharting,jquery,17c89c1e3314a4a145082ffeac16deca68f9459f,^3.4.1,3.4.1,3.5.1,3.5.0,153,2020-04-30T03:48:52Z,2020-05-16 14:10:18+02:00,"16,8",False
90,algenty/grafana-flowcharting,jquery,17c89c1e3314a4a145082ffeac16deca68f9459f,^3.4.1,3.4.1,3.5.1,3.5.0,153,2020-04-30T03:48:52Z,2020-05-16 14:10:18+02:00,"16,8",False
91,anlix-io/flashman,jquery,fa27e1199a79175c8437b853e1c60123e776061a,~3.5.1,3.5.1,3.5.1,3.5.0,93,2020-04-29T23:25:58Z,2020-05-18 00:08:37-03:00,"18,3",False
92,anlix-io/flashman,jquery,fa27e1199a79175c8437b853e1c60123e776061a,~3.5.1,3.5.1,3.5.1,3.5.0,93,2020-04-29T23:25:58Z,2020-05-18 00:08:37-03:00,"18,3",False
93,apache/echarts-doc,marked,580c4b1af86e7a48b622f1a9e8f2d18259f7042a,^0.3.19,0.3.19,1.1.0,0.3.18,73,2019-10-31T07:54:20Z,2020-06-13 21:40:54+08:00,"226,5",False
94,appirio-tech/connect-app,axios,37aa0a459be5a407fcebc646fc6bb6f8688fd810,^0.19.2,0.19.2,0.19.2,0.18.1,3367,2019-11-02T09:46:45Z,2020-05-15 13:04:25+03:00,"195,0",False
95,asyncapi/generator,lodash,35467248385396149f5ed333ed5992f2a1c929c0,^4.17.15,4.17.15,4.17.15,4.17.13,70,2019-07-11T18:05:20Z,2019-08-01 11:25:34+02:00,"20,15",False
96,b2wads/grimorio-ui,webpack-bundle-analyzer,ed113cff4730a228882111fc288d843372a6dc97,3.3.2,3.3.2,3.5.2,3.3.2,74,2019-10-10T19:21:58Z,2019-10-10 17:09:00-03:00,"0,0",True
97,baukh789/GridManager,codecov,1cde7009cca2ac177d0d8f5ca2455c0848f41642,^3.7.1,3.7.1,4.0.0-0,3.6.5,147,2020-02-19T17:37:03Z,2020-08-25 17:43:51+08:00,"187,16",False
98,binary-com/binary-static,jquery,504e0c083d9ecb78e681303d44363bf914552e0c,^3.5.1,3.5.1,3.5.1,3.5.0,6002,2020-04-30T00:43:50Z,2020-05-11 00:48:26+04:30,"10,19",False
99,binary-com/binary-static,jquery,504e0c083d9ecb78e681303d44363bf914552e0c,^3.5.1,3.5.1,3.5.1,3.5.0,6002,2020-04-30T00:43:50Z,2020-05-11 00:48:26+04:30,"10,19",False
100,brownplt/code.pyret.org,lodash,94bcebe4c9dab97a3bd807278efd09f395561c3b,^4.17.15,4.17.15,4.17.15,4.17.15,322,2019-12-19T21:38:20Z,2019-12-19 14:33:00-08:00,"0,0",False
101,brownplt/code.pyret.org,lodash,94bcebe4c9dab97a3bd807278efd09f395561c3b,^4.17.15,4.17.15,4.17.15,4.17.15,322,2019-12-19T21:38:20Z,2019-12-19 14:33:00-08:00,"0,0",False
102,brownplt/code.pyret.org,lodash,94bcebe4c9dab97a3bd807278efd09f395561c3b,^4.17.15,4.17.15,4.17.15,4.17.15,322,2019-12-19T21:38:20Z,2019-12-19 14:33:00-08:00,"0,0",False
103,brownplt/code.pyret.org,lodash,94bcebe4c9dab97a3bd807278efd09f395561c3b,^4.17.15,4.17.15,4.17.15,4.17.15,322,2019-12-19T21:38:20Z,2019-12-19 14:33:00-08:00,"0,0",False
104,bunq/doc,swagger-ui,4c08456139f07f5dab28605f6f8831f3985602d3,^3.31.1,3.31.1,3.31.1,3.23.11,104,2019-11-01T12:39:47Z,2020-08-14 14:04:29+02:00,"286,23",False
105,chteuchteu/MaterialDesignIcons-Picker,webpack-dev-server,f344b4b89e29484021f36050c3f2d7f8bbb49a18,^3.11.0,3.11.0,3.11.0,3.1.11,44,2019-09-28T09:16:24Z,2020-10-20 15:25:01+02:00,"388,4",False
106,citizenos/citizenos-api,node-uuid,0d7bd361c921857a676159dddaf1861f4e0daaff,1.4.8,1.4.8,1.4.8,1.4.8,166,2020-04-16T03:34:33Z,2020-04-21 15:41:04+03:00,"5,9",False
107,codex-protocol/service.eel,mongoose,e7a8f64b32a4723030a1649635bf128c6f7e40f8,^5.9.7,5.9.7,5.9.9,5.7.5,5,2019-10-29T15:10:12Z,2020-04-13 14:44:09-05:00,"167,4",False
108,collectionspace/cspace-ui.js,eslint,f164291d3f76fcd4ee1a8d14ea5d79b68b9796b2,^6.7.2,6.7.2,6.7.2,4.18.2,112,2019-11-02T14:04:46Z,2019-12-19 23:30:35-08:00,"47,17",False
109,compiler-explorer/compiler-explorer,jquery,e86bdf89ed29c74e1850f568be2ada4d728f0df8,^3.5.1,3.5.1,3.5.1,3.5.0,1950,2020-04-30T03:43:58Z,2020-06-09 20:10:00-05:00,"40,21",False
110,compiler-explorer/compiler-explorer,jquery,e86bdf89ed29c74e1850f568be2ada4d728f0df8,^3.5.1,3.5.1,3.5.1,3.5.0,1950,2020-04-30T03:43:58Z,2020-06-09 20:10:00-05:00,"40,21",False
111,cruise-automation/webviz,lodash,d1e2b7422f5b16eebbd5d76b98db27780a3606b5,^4.17.11,4.17.11,4.17.20,4.17.13,231,2019-09-25T00:57:10Z,2020-08-31 14:48:39-07:00,"341,20",False
112,cruise-automation/webviz,lodash,d1e2b7422f5b16eebbd5d76b98db27780a3606b5,^4.17.11,4.17.11,4.17.20,4.17.13,232,2019-09-25T00:57:12Z,2020-08-31 14:48:39-07:00,"341,20",False
113,cruise-automation/webviz,lodash,d1e2b7422f5b16eebbd5d76b98db27780a3606b5,^4.17.11,4.17.11,4.17.20,4.17.13,237,2019-09-25T00:57:47Z,2020-08-31 14:48:39-07:00,"341,20",False
114,date-fns/date-fns,lodash,451bfcab05f48aed59ae83c0a0effc9046f7399e,^4.17.15,4.17.15,4.17.20,4.17.15,1321,2019-08-27T13:32:49Z,2020-09-02 10:20:38+04:00,"371,16",True
115,date-fns/date-fns,lodash,451bfcab05f48aed59ae83c0a0effc9046f7399e,^4.17.15,4.17.15,4.17.20,4.17.15,1323,2019-08-27T13:32:49Z,2020-09-02 10:20:38+04:00,"371,16",True
116,date-fns/date-fns,lodash,451bfcab05f48aed59ae83c0a0effc9046f7399e,^4.17.15,4.17.15,4.17.20,4.17.13,1328,2019-08-27T13:32:53Z,2020-09-02 10:20:38+04:00,"371,16",False
117,date-fns/date-fns,lodash,451bfcab05f48aed59ae83c0a0effc9046f7399e,^4.17.15,4.17.15,4.17.20,4.17.15,1335,2019-08-27T13:32:58Z,2020-09-02 10:20:38+04:00,"371,16",True
118,date-fns/date-fns,lodash,451bfcab05f48aed59ae83c0a0effc9046f7399e,^4.17.15,4.17.15,4.17.20,4.17.15,1337,2019-08-27T13:32:59Z,2020-09-02 10:20:38+04:00,"371,16",True
119,date-fns/date-fns,lodash,451bfcab05f48aed59ae83c0a0effc9046f7399e,^4.17.15,4.17.15,4.17.20,4.17.15,1342,2019-08-27T13:33:02Z,2020-09-02 10:20:38+04:00,"371,16",True
120,date-fns/date-fns,lodash,451bfcab05f48aed59ae83c0a0effc9046f7399e,^4.17.15,4.17.15,4.17.20,4.17.15,1343,2019-08-27T13:33:03Z,2020-09-02 10:20:38+04:00,"371,16",True
121,date-fns/date-fns,lodash,451bfcab05f48aed59ae83c0a0effc9046f7399e,^4.17.15,4.17.15,4.17.20,4.17.15,1365,2019-08-27T13:34:09Z,2020-09-02 10:20:38+04:00,"371,16",True
122,date-fns/date-fns,lodash,451bfcab05f48aed59ae83c0a0effc9046f7399e,^4.17.15,4.17.15,4.17.20,4.17.15,1321,2019-08-27T13:32:49Z,2020-09-02 10:20:38+04:00,"371,16",True
123,date-fns/date-fns,lodash,451bfcab05f48aed59ae83c0a0effc9046f7399e,^4.17.15,4.17.15,4.17.20,4.17.15,1323,2019-08-27T13:32:49Z,2020-09-02 10:20:38+04:00,"371,16",True
124,date-fns/date-fns,lodash,451bfcab05f48aed59ae83c0a0effc9046f7399e,^4.17.15,4.17.15,4.17.20,4.17.13,1328,2019-08-27T13:32:53Z,2020-09-02 10:20:38+04:00,"371,16",False
125,date-fns/date-fns,lodash,451bfcab05f48aed59ae83c0a0effc9046f7399e,^4.17.15,4.17.15,4.17.20,4.17.15,1335,2019-08-27T13:32:58Z,2020-09-02 10:20:38+04:00,"371,16",True
126,date-fns/date-fns,lodash,451bfcab05f48aed59ae83c0a0effc9046f7399e,^4.17.15,4.17.15,4.17.20,4.17.15,1337,2019-08-27T13:32:59Z,2020-09-02 10:20:38+04:00,"371,16",True
127,date-fns/date-fns,lodash,451bfcab05f48aed59ae83c0a0effc9046f7399e,^4.17.15,4.17.15,4.17.20,4.17.15,1342,2019-08-27T13:33:02Z,2020-09-02 10:20:38+04:00,"371,16",True
128,date-fns/date-fns,lodash,451bfcab05f48aed59ae83c0a0effc9046f7399e,^4.17.15,4.17.15,4.17.20,4.17.15,1343,2019-08-27T13:33:03Z,2020-09-02 10:20:38+04:00,"371,16",True
129,date-fns/date-fns,lodash,451bfcab05f48aed59ae83c0a0effc9046f7399e,^4.17.15,4.17.15,4.17.20,4.17.15,1365,2019-08-27T13:34:09Z,2020-09-02 10:20:38+04:00,"371,16",True
130,date-fns/date-fns,lodash,451bfcab05f48aed59ae83c0a0effc9046f7399e,^4.17.15,4.17.15,4.17.20,4.17.15,1321,2019-08-27T13:32:49Z,2020-09-02 10:20:38+04:00,"371,16",True
131,date-fns/date-fns,lodash,451bfcab05f48aed59ae83c0a0effc9046f7399e,^4.17.15,4.17.15,4.17.20,4.17.15,1323,2019-08-27T13:32:49Z,2020-09-02 10:20:38+04:00,"371,16",True
132,date-fns/date-fns,lodash,451bfcab05f48aed59ae83c0a0effc9046f7399e,^4.17.15,4.17.15,4.17.20,4.17.13,1328,2019-08-27T13:32:53Z,2020-09-02 10:20:38+04:00,"371,16",False
133,date-fns/date-fns,lodash,451bfcab05f48aed59ae83c0a0effc9046f7399e,^4.17.15,4.17.15,4.17.20,4.17.15,1335,2019-08-27T13:32:58Z,2020-09-02 10:20:38+04:00,"371,16",True
134,date-fns/date-fns,lodash,451bfcab05f48aed59ae83c0a0effc9046f7399e,^4.17.15,4.17.15,4.17.20,4.17.15,1337,2019-08-27T13:32:59Z,2020-09-02 10:20:38+04:00,"371,16",True
135,date-fns/date-fns,lodash,451bfcab05f48aed59ae83c0a0effc9046f7399e,^4.17.15,4.17.15,4.17.20,4.17.15,1342,2019-08-27T13:33:02Z,2020-09-02 10:20:38+04:00,"371,16",True
136,date-fns/date-fns,lodash,451bfcab05f48aed59ae83c0a0effc9046f7399e,^4.17.15,4.17.15,4.17.20,4.17.15,1343,2019-08-27T13:33:03Z,2020-09-02 10:20:38+04:00,"371,16",True
137,date-fns/date-fns,lodash,451bfcab05f48aed59ae83c0a0effc9046f7399e,^4.17.15,4.17.15,4.17.20,4.17.15,1365,2019-08-27T13:34:09Z,2020-09-02 10:20:38+04:00,"371,16",True
138,date-fns/date-fns,lodash,451bfcab05f48aed59ae83c0a0effc9046f7399e,^4.17.15,4.17.15,4.17.20,4.17.15,1321,2019-08-27T13:32:49Z,2020-09-02 10:20:38+04:00,"371,16",True
139,date-fns/date-fns,lodash,451bfcab05f48aed59ae83c0a0effc9046f7399e,^4.17.15,4.17.15,4.17.20,4.17.15,1323,2019-08-27T13:32:49Z,2020-09-02 10:20:38+04:00,"371,16",True
140,date-fns/date-fns,lodash,451bfcab05f48aed59ae83c0a0effc9046f7399e,^4.17.15,4.17.15,4.17.20,4.17.13,1328,2019-08-27T13:32:53Z,2020-09-02 10:20:38+04:00,"371,16",False
141,date-fns/date-fns,lodash,451bfcab05f48aed59ae83c0a0effc9046f7399e,^4.17.15,4.17.15,4.17.20,4.17.15,1335,2019-08-27T13:32:58Z,2020-09-02 10:20:38+04:00,"371,16",True
142,date-fns/date-fns,lodash,451bfcab05f48aed59ae83c0a0effc9046f7399e,^4.17.15,4.17.15,4.17.20,4.17.15,1337,2019-08-27T13:32:59Z,2020-09-02 10:20:38+04:00,"371,16",True
143,date-fns/date-fns,lodash,451bfcab05f48aed59ae83c0a0effc9046f7399e,^4.17.15,4.17.15,4.17.20,4.17.15,1342,2019-08-27T13:33:02Z,2020-09-02 10:20:38+04:00,"371,16",True
144,date-fns/date-fns,lodash,451bfcab05f48aed59ae83c0a0effc9046f7399e,^4.17.15,4.17.15,4.17.20,4.17.15,1343,2019-08-27T13:33:03Z,2020-09-02 10:20:38+04:00,"371,16",True
145,date-fns/date-fns,lodash,451bfcab05f48aed59ae83c0a0effc9046f7399e,^4.17.15,4.17.15,4.17.20,4.17.15,1365,2019-08-27T13:34:09Z,2020-09-02 10:20:38+04:00,"371,16",True
146,dcos/dcos-website,eslint,1840f961179b5b8af4f524667db00d069f3a406a,^6.6.0,6.6.0,6.8.0,6.6.0,1665,2019-11-01T17:31:50Z,2020-01-10 15:47:15+00:00,"69,22",True
147,ebshimizu/stats-of-the-storm,jquery,b898b47a37b2d97985870c722dd748a0f9cf10eb,^3.3.1,3.3.1,3.5.1,3.4.0,284,2019-11-13T01:13:59Z,2020-07-12 13:29:52-04:00,"242,16",False
148,ebshimizu/stats-of-the-storm,jquery,b898b47a37b2d97985870c722dd748a0f9cf10eb,^3.3.1,3.3.1,3.5.1,3.4.0,284,2019-11-13T01:13:59Z,2020-07-12 13:29:52-04:00,"242,16",False
149,ebshimizu/stats-of-the-storm,handlebars,b898b47a37b2d97985870c722dd748a0f9cf10eb,^4.0.11,4.0.11,4.7.6,4.1.2,285,2019-11-13T01:24:25Z,2020-07-12 13:29:52-04:00,"242,16",False
150,ebshimizu/stats-of-the-storm,handlebars,b898b47a37b2d97985870c722dd748a0f9cf10eb,^4.0.11,4.0.11,4.7.6,4.3.0,293,2019-12-27T00:04:14Z,2020-07-12 13:29:52-04:00,"198,17",False
151,elastic/apm-agent-rum-js,codecov,6929cb3d461e24a29fa5c1fe91e0e830bd4c6d19,^3.6.5,3.6.5,4.0.0-0,3.6.5,643,2020-02-19T18:49:44Z,2020-02-27 13:42:26+01:00,"7,17",True
152,enketo/enketo-core,jquery,6991f273981013255d0ee364841f9f978244cc7a,^3.4.1,3.4.1,3.4.1,3.4.0,644,2019-08-02T17:16:08Z,2019-09-11 16:57:38-06:00,"40,5",False
153,enketo/enketo-core,jquery,6991f273981013255d0ee364841f9f978244cc7a,^3.4.1,3.4.1,3.4.1,3.4.0,644,2019-08-02T17:16:08Z,2019-09-11 16:57:38-06:00,"40,5",False
154,enketo/enketo-core,jquery,5b6bccbec5cf126cd6dc8dcd7786e3f87bbac5be,^3.5.1,3.5.1,3.5.1,3.4.0,644,2019-08-02T17:16:08Z,2020-05-05 11:34:16-06:00,"277,0",False
155,enketo/enketo-core,jquery,5b6bccbec5cf126cd6dc8dcd7786e3f87bbac5be,^3.5.1,3.5.1,3.5.1,3.5.0,711,2020-04-29T23:13:31Z,2020-05-05 11:34:16-06:00,"5,18",False
156,enketo/enketo-core,jquery,5b6bccbec5cf126cd6dc8dcd7786e3f87bbac5be,^3.5.1,3.5.1,3.5.1,3.4.0,644,2019-08-02T17:16:08Z,2020-05-05 11:34:16-06:00,"277,0",False
157,enketo/enketo-core,jquery,5b6bccbec5cf126cd6dc8dcd7786e3f87bbac5be,^3.5.1,3.5.1,3.5.1,3.5.0,711,2020-04-29T23:13:31Z,2020-05-05 11:34:16-06:00,"5,18",False
158,facebook/metro,codecov,c6926a9b259c233ab59e9cd63d528248f74eb610,^3.6.5,3.6.5,4.0.0-0,3.6.5,520,2020-02-19T18:27:06Z,2020-03-27 06:26:18-07:00,"36,18",True
159,facebook/metro,acorn,fcd01483f505ded1c7a671267a5efb09bf8ecb6b,^5.1.2,5.1.2,7.1.1,5.7.4,534,2020-03-18T19:29:05Z,2020-03-23 06:08:17-07:00,"4,17",False
160,genouest/genouestaccountmanager,marked,df95bf2ff57224c50eee4cc5496972940aff7de4,^1.2.2,1.2.2,1.2.3,0.6.1,157,2020-03-13T14:56:56Z,2020-11-10 15:15:25+01:00,"241,23",False
161,ging/fiware-idm,sequelize,0e66906ab28164ab1e02d54e8d7df5b0e449ba91,^6.3.3,6.3.3,6.3.3,5.15.1,118,2019-11-02T16:50:08Z,2020-07-28 16:55:26+02:00,"268,22",False
162,go-faast/faast-web,axios,ca57cf0165d2542ee185c7b0ca482455df9ffd06,^0.19.0,0.19.0,0.19.0,0.18.1,142,2019-11-04T00:27:35Z,2019-11-08 10:25:28-05:00,"4,14",False
163,gregnb/mui-datatables,webpack-dev-server,abcb00ba55647f5f01db234e590a26e8fe3a0f0d,^3.7.1,3.7.1,3.9.0,3.1.11,1044,2019-11-02T21:28:44Z,2019-11-19 00:19:16-05:00,"16,7",False
164,gregnb/mui-datatables,next,03a3e07638c4e9ae3622aa142349382377290b7d,^9.4.4,9.4.4,9.4.4,9.3.2,1241,2020-03-31T05:58:44Z,2020-05-31 15:02:34-04:00,"61,13",False
165,haiwen/seafile-js,axios,a9fbf6228bef9576c93a7abc0c05135f5f648309,0.21.1,0.21.1,0.21.1,0.18.1,235,2019-10-29T03:52:20Z,2021-03-31 10:59:56+08:00,"518,23",False
166,idena-network/idena-desktop,next,dc3ccb149eda8e5591ed90b7fe6b29d7810c6d6e,^9.3.3,9.3.3,9.3.3,9.3.2,215,2020-03-31T12:14:36Z,2020-03-31 20:19:43+05:00,"0,3",False
167,ifanrx/hydrogen-js-sdk,axios,ccc6d6574badc59db48ec276e5d8cb4c3f1d3b03,^0.18.1,0.18.1,0.19.0,0.18.1,88,2019-10-30T03:45:33Z,2019-10-30 13:57:34+08:00,"0,2",True
168,iguazio/dashboard-controls,eslint,ec393244e77de7e80518e8c92b9e376953dddafa,^6.8.0,6.8.0,6.8.0,6.6.0,771,2019-10-30T18:04:10Z,2020-03-15 18:10:17+02:00,"136,22",False
169,informatics-isi-edu/ermrestjs,mime,6067e8aa61691c02c2fa18447749da24d1db0aa8,1.4.1,1.4.1,2.4.6,1.4.1,842,2020-05-28T02:22:33Z,2020-05-27 23:22:21-07:00,"0,3",True
170,inventaire/inventaire,lodash,8963c1ac6ba773fd06c525b2837ba22d6ce46c6d,^4.17.15,4.17.15,4.17.15,4.17.13,319,2019-11-01T13:28:33Z,2019-11-01 14:38:49+01:00,"0,0",False
171,invinst/CPDBv2_mobile,handlebars,1fe51d0c42b5ca397490d1d76fa6c9bebb34d112,^4.7.6,4.7.6,4.7.6,4.3.0,2,2019-12-28T20:28:12Z,2020-05-12 14:54:09+07:00,"135,11",False
172,ionic-team/ionic-site,jquery,f53b222d59f26559be439da6c69e2c542c0bf27e,3.4.1,3.4.1,3.4.1,3.4.1,1489,2019-10-28T21:27:59Z,2019-11-06 15:29:37-06:00,"9,0",False
173,ionic-team/ionic-site,jquery,f53b222d59f26559be439da6c69e2c542c0bf27e,3.4.1,3.4.1,3.4.1,3.4.1,1489,2019-10-28T21:27:59Z,2019-11-06 15:29:37-06:00,"9,0",False
174,ionic-team/ionic-site,marked,f53b222d59f26559be439da6c69e2c542c0bf27e,^0.7.0,0.7.0,0.7.0,0.7.0,1490,2019-10-28T21:28:11Z,2019-11-06 15:29:37-06:00,"9,0",False
175,isaacphysics/isaac-app,lodash,1eb3d23a665875a2df463c7f8e5556daaf563e74,^4.17.10,4.17.10,4.17.15,4.17.13,1043,2019-11-14T10:14:58Z,2020-04-20 10:31:43+01:00,"157,23",False
176,jitsi/jitsi-meet,jquery,d2e0c2eb429ece406582e15006578d213c745909,3.5.1,3.5.1,3.5.1,3.5.0,6476,2020-04-29T23:13:54Z,2020-05-25 17:05:29+02:00,"25,15",False
177,jitsi/jitsi-meet,jquery,d2e0c2eb429ece406582e15006578d213c745909,3.5.1,3.5.1,3.5.1,3.5.0,6476,2020-04-29T23:13:54Z,2020-05-25 17:05:29+02:00,"25,15",False
178,jitsi/lib-jitsi-meet,eslint,14f4a99bd7e363a8830d2e6ff86e0dc12964047b,5.6.1,5.6.1,7.4.0,4.18.2,1002,2019-10-30T15:45:42Z,2020-07-17 13:32:29+02:00,"260,19",False
179,joshhunt/destinySets,axios,6aa1ff4e1a16d099092b7929bba225a9b030d382,^0.18.0,0.18.0,0.19.0,0.18.1,245,2019-10-28T18:29:46Z,2019-12-10 23:51:04+00:00,"43,5",False
180,joyent/sdc-manta,js-yaml,49491432aa9acd27753eb4d2bf946b265e2808b6,3.13.1,3.13.1,3.13.1,3.13.1,16,2019-10-29T08:28:14Z,2019-12-05 16:05:38-08:00,"37,15",False
181,joyent/sdc-manta,js-yaml,49491432aa9acd27753eb4d2bf946b265e2808b6,3.13.1,3.13.1,3.13.1,3.13.1,16,2019-10-29T08:28:14Z,2019-12-05 16:05:38-08:00,"37,15",False
182,joyent/sdcadm,eslint,83f580f991850ed7b40b8cd88c48229fbf028728,4.19.1,4.19.1,7.7.0,4.19.1,45,2019-11-01T22:01:43Z,2020-08-17 18:49:37+02:00,"289,18",True
183,json-editor/json-editor,jquery,232d83ce7d27d0d9e03d51a4e9a45d19139bb3ba,^3.5.0,3.5.0,3.5.0,3.5.0,737,2020-04-29T23:45:27Z,2020-05-04 15:33:15+02:00,"4,13",False
184,json-editor/json-editor,jquery,232d83ce7d27d0d9e03d51a4e9a45d19139bb3ba,^3.5.0,3.5.0,3.5.0,3.5.0,737,2020-04-29T23:45:27Z,2020-05-04 15:33:15+02:00,"4,13",False
185,kaltura/playkit-js,eslint,6d0bf70a42183885a06fde979d00386db95136c6,^7.5.0,7.5.0,7.5.0,4.18.2,411,2019-10-31T16:06:23Z,2020-07-20 12:23:57+03:00,"262,17",False
186,kaltura/playkit-js-ui,eslint,e62bfdd8b3b9bd6335c6c6cf15b27dc0ff0df6cf,^4.1.1,4.1.1,7.5.0,4.18.2,446,2019-10-29T07:29:52Z,2020-07-27 19:07:19+03:00,"272,8",False
187,keystonejs/keystone,tinymce,89fd446d5b43fc04d872eab1f18025b2ac8d816e,^5.2.0,5.2.0,5.2.0,5.1.4,2306,2020-01-30T21:29:03Z,2020-02-28 03:15:31+11:00,"27,18",False
188,kitspace/kitspace,superagent,89caab4d57827f82ee1d36f7155acd5650079c8d,^3.3.1,3.3.1,5.1.3,5.0.2,205,2019-10-30T12:21:11Z,2019-12-24 23:40:56+00:00,"55,11",False
189,konecnyna/slack-cat,axios,258a8d35ef33965aa50d37df2b39fa0f4e4e287b,^0.19.0,0.19.0,0.19.0,0.18.1,24,2019-06-03T23:01:33Z,2019-07-30 14:17:41-04:00,"56,19",False
190,kuzzleio/kuzzle,codecov,35912c3375a863e27df85280eddeff866f44e9a9,^3.6.5,3.6.5,4.0.0-0,3.6.5,1574,2020-02-19T17:53:07Z,2020-03-05 12:57:44+01:00,"14,18",True
191,kuzzleio/kuzzle,minimist,a3b6e4c28d1c4cd4788413ccaf69cea2be3a9b2e,1.2.5,1.2.5,1.2.5,1.2.2,1583,2020-03-15T00:27:24Z,2020-04-22 14:22:38+02:00,"38,11",False
192,kyma-project/console,handlebars,e59e0da85b0b9642a51bb3eac033e90b857e66fc,^4.5.2,4.5.2,4.7.3,4.1.2,912,2019-06-05T15:02:11Z,2020-03-04 11:12:20+01:00,"272,19",False
193,kyma-project/console,handlebars,e59e0da85b0b9642a51bb3eac033e90b857e66fc,^4.5.2,4.5.2,4.7.3,4.1.2,915,2019-06-05T23:32:30Z,2020-03-04 11:12:20+01:00,"272,10",False
194,kyma-project/console,handlebars,e59e0da85b0b9642a51bb3eac033e90b857e66fc,^4.5.2,4.5.2,4.7.3,4.1.2,916,2019-06-05T23:33:05Z,2020-03-04 11:12:20+01:00,"272,10",False
195,kyma-project/console,handlebars,e59e0da85b0b9642a51bb3eac033e90b857e66fc,^4.5.2,4.5.2,4.7.3,4.1.2,917,2019-06-05T23:33:06Z,2020-03-04 11:12:20+01:00,"272,10",False
196,kyma-project/console,handlebars,e59e0da85b0b9642a51bb3eac033e90b857e66fc,^4.5.2,4.5.2,4.7.3,4.1.2,918,2019-06-05T23:33:20Z,2020-03-04 11:12:20+01:00,"272,10",False
197,kyma-project/console,handlebars,e59e0da85b0b9642a51bb3eac033e90b857e66fc,^4.5.2,4.5.2,4.7.3,4.1.2,919,2019-06-05T23:33:23Z,2020-03-04 11:12:20+01:00,"272,10",False
198,kyma-project/console,handlebars,e59e0da85b0b9642a51bb3eac033e90b857e66fc,^4.5.2,4.5.2,4.7.3,4.1.2,920,2019-06-05T23:37:36Z,2020-03-04 11:12:20+01:00,"272,10",False
199,kyma-project/console,handlebars,e59e0da85b0b9642a51bb3eac033e90b857e66fc,^4.5.2,4.5.2,4.7.3,4.1.2,922,2019-06-06T03:39:25Z,2020-03-04 11:12:20+01:00,"272,6",False
200,kyma-project/console,handlebars,e59e0da85b0b9642a51bb3eac033e90b857e66fc,^4.5.2,4.5.2,4.7.3,4.5.3,1493,2019-12-27T09:00:01Z,2020-03-04 11:12:20+01:00,"68,1",False
201,kyma-project/console,handlebars,e59e0da85b0b9642a51bb3eac033e90b857e66fc,^4.5.2,4.5.2,4.7.3,4.5.3,1494,2019-12-27T10:29:09Z,2020-03-04 11:12:20+01:00,"67,23",False
202,lane711/sonicjs,lodash,271afa9003ba80667df16f9b083ed2d8f8ed5b72,^4.17.15,4.17.15,4.17.15,4.17.15,4,2019-11-01T23:27:10Z,2019-12-04 08:49:43-08:00,"32,17",False
203,lane711/sonicjs,lodash,271afa9003ba80667df16f9b083ed2d8f8ed5b72,^4.17.15,4.17.15,4.17.15,4.17.14,10,2019-11-09T03:30:32Z,2019-12-04 08:49:43-08:00,"25,13",False
204,lhncbc/lforms,angular,076e33f42884b4bc3fd6b5082bb09f7c821c5d5f,^1.7.9,1.7.9,1.7.9,1.7.9,16,2019-11-20T16:50:41Z,2019-12-04 17:42:05-05:00,"14,5",False
205,linagora/openpaas-esn,mongoose,d106f9ab9edb9809a21c5e98f0a6b342acaa1968,5.7.12,5.7.12,5.7.12,5.7.7,80,2019-10-29T13:56:49Z,2019-11-28 16:40:00+07:00,"29,19",False
206,linagora/openpaas-esn,mongoose,d106f9ab9edb9809a21c5e98f0a6b342acaa1968,5.7.12,5.7.12,5.7.12,5.7.12,81,2019-11-27T14:24:31Z,2019-11-28 16:40:00+07:00,"0,19",False
207,luangjokaj/wordpressify,lodash,5ec5e020b9009f3dbf20473ef287702c279c76d0,^4.17.14,4.17.14,4.17.14,4.17.14,48,2019-07-16T11:43:42Z,2019-07-16 13:45:34+02:00,"0,0",False
208,luminati-io/luminati-proxy,jquery,71f610bbc682af36509b59c14a7c600a7f8f9572,3.4.1,3.4.1,3.4.1,3.4.1,196,2019-10-28T17:51:10Z,2019-11-19 12:30:18+02:00,"21,16",False
209,luminati-io/luminati-proxy,jquery,71f610bbc682af36509b59c14a7c600a7f8f9572,3.4.1,3.4.1,3.4.1,3.4.1,196,2019-10-28T17:51:10Z,2019-11-19 12:30:18+02:00,"21,16",False
210,luminati-io/luminati-proxy,lodash,71f610bbc682af36509b59c14a7c600a7f8f9572,4.17.15,4.17.15,4.17.15,4.17.15,197,2019-10-28T17:51:21Z,2019-11-19 12:30:18+02:00,"21,16",False
211,mParticle/mparticle-web-sdk,eslint,405fde7256c96461ca72296346f7ef77c936ec29,^6.1.0,6.1.0,6.1.0,4.18.2,9,2019-06-20T21:45:15Z,2019-08-07 09:12:27-04:00,"47,15",False
212,makeomatic/ms-users,serialize-javascript,4d11f2c8f2b1c23fa857507b3bb8becc40aacaa6,^2.1.2,2.1.2,2.1.2,2.1.1,435,2019-12-06T23:05:06Z,2019-12-09 20:45:57-08:00,"3,5",False
213,mapcentia/vidi,lodash,3fd98778a231851c7873a40541a30848354d5170,^4.17.15,4.17.15,4.17.21,4.17.15,184,2019-11-07T14:25:47Z,2021-03-05 14:19:59+01:00,"483,22",True
214,mapcentia/vidi,lodash,3fd98778a231851c7873a40541a30848354d5170,^4.17.15,4.17.15,4.17.21,4.17.15,184,2019-11-07T14:25:47Z,2021-03-05 14:19:59+01:00,"483,22",True
215,mapcentia/vidi,lodash,3fd98778a231851c7873a40541a30848354d5170,^4.17.15,4.17.15,4.17.21,4.17.15,184,2019-11-07T14:25:47Z,2021-03-05 14:19:59+01:00,"483,22",True
216,mapcentia/vidi,lodash,3fd98778a231851c7873a40541a30848354d5170,^4.17.15,4.17.15,4.17.21,4.17.15,184,2019-11-07T14:25:47Z,2021-03-05 14:19:59+01:00,"483,22",True
217,mozilla/hubs,acorn,886f8a6005309e3481fd4cfb3d4ca69fd1a08325,^6.4.1,6.4.1,7.1.1,5.7.4,2328,2020-04-04T16:11:00Z,2020-04-08 15:12:47-07:00,"4,6",False
218,nasa/openmct,lodash,09cfe4f99ade89a23515614acc5f350e26fca970,^4.17.12,4.17.12,4.17.15,4.17.15,2835,2020-03-31T22:57:43Z,2020-04-07 12:02:49-07:00,"6,20",False
219,nasa/openmct,lodash,09cfe4f99ade89a23515614acc5f350e26fca970,^4.17.12,4.17.12,4.17.15,4.17.15,2835,2020-03-31T22:57:43Z,2020-04-07 12:02:49-07:00,"6,20",False
220,nasa/openmct,lodash,09cfe4f99ade89a23515614acc5f350e26fca970,^4.17.12,4.17.12,4.17.15,4.17.15,2835,2020-03-31T22:57:43Z,2020-04-07 12:02:49-07:00,"6,20",False
221,nasa/openmct,lodash,09cfe4f99ade89a23515614acc5f350e26fca970,^4.17.12,4.17.12,4.17.15,4.17.15,2835,2020-03-31T22:57:43Z,2020-04-07 12:02:49-07:00,"6,20",False
222,nasa/openmct,angular,a88e476fc4e818b667f078c4e7aba6bfd3685b4e,1.7,1.7.0,1.7.9,1.7.9,2836,2020-03-31T22:58:14Z,2020-04-17 14:23:41-07:00,"16,22",False
223,nasa/openmct,angular,a88e476fc4e818b667f078c4e7aba6bfd3685b4e,1.7,1.7.0,1.7.9,1.7.9,2836,2020-03-31T22:58:14Z,2020-04-17 14:23:41-07:00,"16,22",False
224,nasa/openmct,angular,a88e476fc4e818b667f078c4e7aba6bfd3685b4e,1.7,1.7.0,1.7.9,1.7.9,2836,2020-03-31T22:58:14Z,2020-04-17 14:23:41-07:00,"16,22",False
225,ncbi/icn3d,jquery,a15bdac22c6b7fca23179e8ecbca3fe3b329118a,^3.5.1,3.5.1,3.5.1,3.5.0,22,2020-04-29T22:41:55Z,2020-05-07 08:58:47-04:00,"7,14",False
226,ncbi/icn3d,jquery,a15bdac22c6b7fca23179e8ecbca3fe3b329118a,^3.5.1,3.5.1,3.5.1,3.5.0,22,2020-04-29T22:41:55Z,2020-05-07 08:58:47-04:00,"7,14",False
227,noobaa/noobaa-core,minimist,980633a4d945c757126a8f4e79e5df3392f6c2e8,1.2.5,1.2.5,1.2.5,1.2.3,5974,2020-04-04T22:20:31Z,2020-04-22 12:00:24+03:00,"17,10",False
228,nuxeo/doc.nuxeo.com,lodash.defaultsdeep,0e63d4b1b0f43183da7bd945c1055f1e2f157b8d,^4.6.1,4.6.1,4.6.1,4.6.1,56,2019-07-31T11:26:19Z,2019-07-31 12:41:15+01:00,"0,0",False
229,nuxeo/doc.nuxeo.com,jquery,4371d52ca1d8da4fc1991ab5def833be27ad1baf,^3.5.1,3.5.1,3.5.1,3.5.0,64,2020-04-29T23:17:23Z,2020-12-01 11:37:06+00:00,"215,12",False
230,nuxeo/doc.nuxeo.com,jquery,4371d52ca1d8da4fc1991ab5def833be27ad1baf,^3.5.1,3.5.1,3.5.1,3.5.0,64,2020-04-29T23:17:23Z,2020-12-01 11:37:06+00:00,"215,12",False
231,okta/okta-oidc-js,eslint,bcdb293008574dea59fbf3e80439472dd2211acd,^6.6.0,6.6.0,7.7.0,4.18.2,587,2019-10-29T21:22:49Z,2020-08-18 14:12:41-07:00,"293,23",False
232,okta/okta-oidc-js,eslint,bcdb293008574dea59fbf3e80439472dd2211acd,^6.6.0,6.6.0,7.7.0,4.18.2,589,2019-10-29T21:22:51Z,2020-08-18 14:12:41-07:00,"293,23",False
233,okta/okta-oidc-js,eslint,bcdb293008574dea59fbf3e80439472dd2211acd,^6.6.0,6.6.0,7.7.0,4.18.2,587,2019-10-29T21:22:49Z,2020-08-18 14:12:41-07:00,"293,23",False
234,okta/okta-oidc-js,eslint,bcdb293008574dea59fbf3e80439472dd2211acd,^6.6.0,6.6.0,7.7.0,4.18.2,589,2019-10-29T21:22:51Z,2020-08-18 14:12:41-07:00,"293,23",False
235,okta/okta-signin-widget,handlebars,3ac34f29f550b886180abb3e6ef525ca237481e1,^4.5.3,4.5.3,4.7.7,4.5.3,995,2019-12-28T08:27:44Z,2021-04-01 15:51:17+00:00,"460,7",True
236,okta/okta-signin-widget,handlebars,3ac34f29f550b886180abb3e6ef525ca237481e1,^4.5.3,4.5.3,4.7.7,4.5.3,996,2019-12-28T08:29:51Z,2021-04-01 15:51:17+00:00,"460,7",True
237,okta/okta-signin-widget,handlebars,3ac34f29f550b886180abb3e6ef525ca237481e1,^4.5.3,4.5.3,4.7.7,4.7.3,1103,2020-03-23T16:32:43Z,2021-04-01 15:51:17+00:00,"373,23",False
238,okta/okta-signin-widget,handlebars,3ac34f29f550b886180abb3e6ef525ca237481e1,^4.5.3,4.5.3,4.7.7,4.7.3,1104,2020-03-23T16:32:44Z,2021-04-01 15:51:17+00:00,"373,23",False
239,okta/okta-signin-widget,handlebars,3ac34f29f550b886180abb3e6ef525ca237481e1,^4.5.3,4.5.3,4.7.7,4.7.6,1128,2020-04-08T21:01:17Z,2021-04-01 15:51:17+00:00,"357,18",False
240,okta/okta-signin-widget,handlebars,3ac34f29f550b886180abb3e6ef525ca237481e1,^4.5.3,4.5.3,4.7.7,4.7.6,1129,2020-04-08T21:01:17Z,2021-04-01 15:51:17+00:00,"357,18",False
241,openglobus/openglobus,eslint,69bc9da9fa700f5e46953586b5dd59084cd78048,^5.0.0,5.0.0,6.8.0,4.18.2,205,2019-10-29T21:38:18Z,2019-12-31 17:59:55+03:00,"62,17",False
242,openpracticelibrary/openpracticelibrary,js-yaml,c4e706536a10580dff910035a78aca0dafcc6795,^3.13.1,3.13.1,3.13.1,3.13.1,761,2019-08-07T14:41:17Z,2019-08-07 16:26:52+01:00,"0,0",False
243,openpracticelibrary/openpracticelibrary,js-yaml,c4e706536a10580dff910035a78aca0dafcc6795,^3.13.1,3.13.1,3.13.1,3.13.1,761,2019-08-07T14:41:17Z,2019-08-07 16:26:52+01:00,"0,0",False
244,optimistdigital/create-frontend,serialize-javascript,b3c803981a1bbcb3446bf654c2e628d98ff70f38,^2.1.2,2.1.2,2.1.2,2.1.1,8,2019-12-05T19:47:39Z,2019-12-11 11:33:54+02:00,"5,13",False
245,optimistdigital/create-frontend,minimist,1360b0cec267f705a6285cef899ded4391bddaf0,^1.2.5,1.2.5,1.2.5,1.2.2,11,2020-03-14T00:51:40Z,2020-03-31 14:52:21+03:00,"17,11",False
246,overleaf/web,mongoose,dff429af5a7117e73b03233e186dc5e662ce1f6b,^5.10.7,5.10.7,5.10.9,5.7.5,695,2019-10-28T14:36:03Z,2020-10-13 02:04:26+00:00,"350,11",False
247,overleaf/web,angular,7053dc27267a337291930803db27a9e0382ec3e9,~1.8.0,1.8.0,1.8.0,1.7.9,711,2019-12-17T04:23:48Z,2020-08-10 15:55:23+00:00,"237,11",False
248,ow2-proactive/studio,lodash,e3b79eaa8227ce45d43cca05a8a1780315a7c4cc,^4.13.1,4.13.1,4.17.15,4.17.13,706,2019-10-01T22:21:36Z,2020-01-02 15:40:38+01:00,"92,16",False
249,ow2-proactive/studio,lodash,e3b79eaa8227ce45d43cca05a8a1780315a7c4cc,^4.13.1,4.13.1,4.17.15,4.17.13,706,2019-10-01T22:21:36Z,2020-01-02 15:40:38+01:00,"92,16",False
250,ow2-proactive/studio,lodash,e3b79eaa8227ce45d43cca05a8a1780315a7c4cc,^4.13.1,4.13.1,4.17.15,4.17.13,706,2019-10-01T22:21:36Z,2020-01-02 15:40:38+01:00,"92,16",False
251,ow2-proactive/studio,lodash,e3b79eaa8227ce45d43cca05a8a1780315a7c4cc,^4.13.1,4.13.1,4.17.15,4.17.13,706,2019-10-01T22:21:36Z,2020-01-02 15:40:38+01:00,"92,16",False
252,pass-culture/pass-culture-browser,webpack-dev-server,c5c99f31e776bc5c188ab9dca25a0b7f07f7e0b4,^3.8.0,3.8.0,3.9.0,3.1.11,1363,2019-10-21T18:56:50Z,2019-10-30 15:46:44+01:00,"8,19",False
253,pastelsky/bundlephobia,next,2b1b87f784c59975e87d2c3c4da7b7fa0183e45c,^9.5.3,9.5.3,9.5.3,9.3.2,330,2020-03-31T12:18:40Z,2020-09-05 18:16:37+05:30,"158,0",False
254,peeranha/peeranha-web,lodash,39a3382171f4035ae7912303e3af9213a7afb49c,4.17.13,4.17.13,4.17.15,4.17.13,94,2019-11-01T08:53:07Z,2020-01-26 17:51:11+03:00,"86,5",True
255,peeranha/peeranha-web,lodash,39a3382171f4035ae7912303e3af9213a7afb49c,4.17.13,4.17.13,4.17.15,4.17.13,94,2019-11-01T08:53:07Z,2020-01-26 17:51:11+03:00,"86,5",True
256,peeranha/peeranha-web,lodash,39a3382171f4035ae7912303e3af9213a7afb49c,4.17.13,4.17.13,4.17.15,4.17.13,94,2019-11-01T08:53:07Z,2020-01-26 17:51:11+03:00,"86,5",True
257,peeranha/peeranha-web,jquery,39a3382171f4035ae7912303e3af9213a7afb49c,3.4.0,3.4.0,3.4.1,3.4.0,95,2019-11-01T08:53:08Z,2020-01-26 17:51:11+03:00,"86,5",True
258,peeranha/peeranha-web,jquery,39a3382171f4035ae7912303e3af9213a7afb49c,3.4.0,3.4.0,3.4.1,3.4.0,95,2019-11-01T08:53:08Z,2020-01-26 17:51:11+03:00,"86,5",True
259,peeranha/peeranha-web,bootstrap,39a3382171f4035ae7912303e3af9213a7afb49c,4.3.1,4.3.1,4.4.1,4.3.1,96,2019-11-01T08:53:10Z,2020-01-26 17:51:11+03:00,"86,5",True
260,pfitzpaddy/ngm-reportHub,open,f23e09de5056a1aa242b5b2cc347acdce6063c97,^7.0.2,7.0.2,7.0.2,7.0.0,310,2019-10-29T13:58:25Z,2020-02-04 15:26:51+01:00,"98,0",False
261,politics-rewired/Spoke,foreman,8f8eab06bb8623d4c4429618bedb9fb9e2ffb615,^3.0.1,3.0.1,3.0.1,3.0.1,347,2019-11-05T02:53:10Z,2020-01-31 18:41:35-05:00,"87,20",False
262,politics-rewired/Spoke,eslint,4f887b1eca7e75e18b1994065af33282476fcb63,6.8.0,6.8.0,7.7.0,4.18.2,348,2019-11-05T02:53:10Z,2020-08-18 11:27:40-04:00,"287,12",False
263,politics-rewired/Spoke,webpack-dev-server,74b8c4234714cf2b808babdf14142bbdb516da83,^3.8.0,3.8.0,3.10.2,3.1.11,349,2019-11-05T02:53:13Z,2020-01-31 18:41:35-05:00,"87,20",False
264,portainer/portainer,eslint,229f2e48a0e2a8800ef965e5ed345eab95edb3db,5.16.0,5.16.0,6.1.0,4.18.2,2961,2019-06-21T12:51:54Z,2019-08-14 16:36:18+02:00,"54,1",False
265,portainer/portainer,angular,39affedf1d9a7d8f4a2ab967b7db9a74c633a8a6,1.8.0,1.8.0,1.8.0,1.7.9,3392,2019-11-20T16:48:28Z,2020-07-23 09:28:19+03:00,"245,13",False
266,portainer/portainer,angular,39affedf1d9a7d8f4a2ab967b7db9a74c633a8a6,1.8.0,1.8.0,1.8.0,1.7.9,3392,2019-11-20T16:48:28Z,2020-07-23 09:28:19+03:00,"245,13",False
267,portainer/portainer,jquery,05cc353c53b40437978c6c6b46de3c1f23149a72,^3.5.1,3.5.1,3.5.1,3.5.0,3773,2020-04-30T02:00:38Z,2020-06-11 19:59:05+02:00,"42,15",False
268,portainer/portainer,jquery,05cc353c53b40437978c6c6b46de3c1f23149a72,^3.5.1,3.5.1,3.5.1,3.5.0,3773,2020-04-30T02:00:38Z,2020-06-11 19:59:05+02:00,"42,15",False
269,protectwise/troika,acorn,7c989b09f705fe7302fc26e5c49292b238c7c4f6,^6.4.1,6.4.1,7.1.1,6.4.1,30,2020-03-14T00:23:19Z,2020-03-26 16:06:30-06:00,"12,21",True
270,rapidpro/rapidpro,react-dom,dbf3b7491447fb73655b2635cdabf1a0de4e41b7,16.3.3,16.3.3,16.8.6,16.3.3,956,2019-06-18T00:12:05Z,2019-06-17 17:23:12-07:00,"0,0",True
271,razzius/weave,eslint-utils,14f4b024300f4652aee683e5827749f0ed606265,1.4.1,1.4.1,1.4.2,1.4.2,118,2019-09-17T11:01:02Z,2019-09-17 04:24:20-07:00,"0,0",False
272,razzius/weave,yarn,0f22c846969d0e4208328e97af7451bf1d1641c3,^1.22.0,1.22.0,1.22.0,1.22.0,164,2020-02-14T23:53:39Z,2020-02-14 15:59:23-08:00,"0,0",False
273,redsolution/xabber-web,npm,e582c1531558e6b02fa615870409e029ec6e8065,^6.14.0,6.14.0,6.14.7,6.13.4,33,2019-12-13T15:59:37Z,2020-08-12 15:18:14+05:00,"242,18",False
274,redsolution/xabber-web,npm,e582c1531558e6b02fa615870409e029ec6e8065,^6.14.0,6.14.0,6.14.7,6.13.4,33,2019-12-13T15:59:37Z,2020-08-12 15:18:14+05:00,"242,18",False
275,redsolution/xabber-web,npm,e582c1531558e6b02fa615870409e029ec6e8065,^6.14.0,6.14.0,6.14.7,6.13.4,33,2019-12-13T15:59:37Z,2020-08-12 15:18:14+05:00,"242,18",False
276,redux-form/redux-form,lodash,76cb24aba63dd3f3bf4a662ac3f4f66b6090663a,^4.17.15,4.17.15,4.17.15,4.17.15,4573,2019-11-29T10:48:08Z,2019-11-29 13:07:39+02:00,"0,0",False
277,redux-form/redux-form,lodash,76cb24aba63dd3f3bf4a662ac3f4f66b6090663a,^4.17.15,4.17.15,4.17.15,4.17.15,4574,2019-11-29T10:48:26Z,2019-11-29 13:07:39+02:00,"0,0",False
278,redux-form/redux-form,lodash,76cb24aba63dd3f3bf4a662ac3f4f66b6090663a,^4.17.15,4.17.15,4.17.15,4.17.15,4573,2019-11-29T10:48:08Z,2019-11-29 13:07:39+02:00,"0,0",False
279,redux-form/redux-form,lodash,76cb24aba63dd3f3bf4a662ac3f4f66b6090663a,^4.17.15,4.17.15,4.17.15,4.17.15,4574,2019-11-29T10:48:26Z,2019-11-29 13:07:39+02:00,"0,0",False
280,redux-form/redux-form,lodash-es,0cb7ed82073be11a67b31dc71ea03bd3b2fa1a7d,^4.17.15,4.17.15,4.17.15,4.17.15,4575,2019-11-29T10:48:47Z,2019-11-29 13:45:06+02:00,"0,0",False
281,redux-form/redux-form,lodash-es,0cb7ed82073be11a67b31dc71ea03bd3b2fa1a7d,^4.17.15,4.17.15,4.17.15,4.17.15,4578,2019-11-29T11:09:07Z,2019-11-29 13:45:06+02:00,"0,0",False
282,redux-form/redux-form,lodash-es,0cb7ed82073be11a67b31dc71ea03bd3b2fa1a7d,^4.17.15,4.17.15,4.17.15,4.17.15,4579,2019-11-29T11:09:10Z,2019-11-29 13:45:06+02:00,"0,0",False
283,redux-form/redux-form,lodash-es,0cb7ed82073be11a67b31dc71ea03bd3b2fa1a7d,^4.17.15,4.17.15,4.17.15,4.17.15,4580,2019-11-29T11:09:11Z,2019-11-29 13:45:06+02:00,"0,0",False
284,redux-form/redux-form,lodash-es,0cb7ed82073be11a67b31dc71ea03bd3b2fa1a7d,^4.17.15,4.17.15,4.17.15,4.17.15,4575,2019-11-29T10:48:47Z,2019-11-29 13:45:06+02:00,"0,0",False
285,redux-form/redux-form,lodash-es,0cb7ed82073be11a67b31dc71ea03bd3b2fa1a7d,^4.17.15,4.17.15,4.17.15,4.17.15,4578,2019-11-29T11:09:07Z,2019-11-29 13:45:06+02:00,"0,0",False
286,redux-form/redux-form,lodash-es,0cb7ed82073be11a67b31dc71ea03bd3b2fa1a7d,^4.17.15,4.17.15,4.17.15,4.17.15,4579,2019-11-29T11:09:10Z,2019-11-29 13:45:06+02:00,"0,0",False
287,redux-form/redux-form,lodash-es,0cb7ed82073be11a67b31dc71ea03bd3b2fa1a7d,^4.17.15,4.17.15,4.17.15,4.17.15,4580,2019-11-29T11:09:11Z,2019-11-29 13:45:06+02:00,"0,0",False
288,redux-form/redux-form,lodash-es,0cb7ed82073be11a67b31dc71ea03bd3b2fa1a7d,^4.17.15,4.17.15,4.17.15,4.17.15,4575,2019-11-29T10:48:47Z,2019-11-29 13:45:06+02:00,"0,0",False
289,redux-form/redux-form,lodash-es,0cb7ed82073be11a67b31dc71ea03bd3b2fa1a7d,^4.17.15,4.17.15,4.17.15,4.17.15,4578,2019-11-29T11:09:07Z,2019-11-29 13:45:06+02:00,"0,0",False
290,redux-form/redux-form,lodash-es,0cb7ed82073be11a67b31dc71ea03bd3b2fa1a7d,^4.17.15,4.17.15,4.17.15,4.17.15,4579,2019-11-29T11:09:10Z,2019-11-29 13:45:06+02:00,"0,0",False
291,redux-form/redux-form,lodash-es,0cb7ed82073be11a67b31dc71ea03bd3b2fa1a7d,^4.17.15,4.17.15,4.17.15,4.17.15,4580,2019-11-29T11:09:11Z,2019-11-29 13:45:06+02:00,"0,0",False
292,redux-form/redux-form,lodash-es,0cb7ed82073be11a67b31dc71ea03bd3b2fa1a7d,^4.17.15,4.17.15,4.17.15,4.17.15,4575,2019-11-29T10:48:47Z,2019-11-29 13:45:06+02:00,"0,0",False
293,redux-form/redux-form,lodash-es,0cb7ed82073be11a67b31dc71ea03bd3b2fa1a7d,^4.17.15,4.17.15,4.17.15,4.17.15,4578,2019-11-29T11:09:07Z,2019-11-29 13:45:06+02:00,"0,0",False
294,redux-form/redux-form,lodash-es,0cb7ed82073be11a67b31dc71ea03bd3b2fa1a7d,^4.17.15,4.17.15,4.17.15,4.17.15,4579,2019-11-29T11:09:10Z,2019-11-29 13:45:06+02:00,"0,0",False
295,redux-form/redux-form,lodash-es,0cb7ed82073be11a67b31dc71ea03bd3b2fa1a7d,^4.17.15,4.17.15,4.17.15,4.17.15,4580,2019-11-29T11:09:11Z,2019-11-29 13:45:06+02:00,"0,0",False
296,rtfeldman/node-test-runner,minimist,09fae598ec30664349e795280791104768cfd623,1.2.5,1.2.5,1.2.5,1.2.2,411,2020-03-13T21:43:51Z,2020-04-09 22:13:29+01:00,"26,23",False
297,rtfeldman/node-test-runner,minimist,09fae598ec30664349e795280791104768cfd623,1.2.5,1.2.5,1.2.5,1.2.3,413,2020-04-04T02:39:09Z,2020-04-09 22:13:29+01:00,"5,18",False
298,sehugg/8bitworkshop,jquery,7371b71648078fac50d350c04cf9e2683f380629,^3.5.1,3.5.1,3.5.1,3.5.0,36,2020-04-30T00:19:58Z,2020-05-13 12:29:38-05:00,"13,17",False
299,sehugg/8bitworkshop,jquery,7371b71648078fac50d350c04cf9e2683f380629,^3.5.1,3.5.1,3.5.1,3.5.0,36,2020-04-30T00:19:58Z,2020-05-13 12:29:38-05:00,"13,17",False
300,sendgrid/docs,lodash,554e8e29fe963b61d5db6c63bb6ac9b8668295da,^4.17.15,4.17.15,4.17.15,4.17.13,5605,2019-10-17T03:12:51Z,2019-10-17 11:12:38-06:00,"0,13",False
301,shadowsocks/shadowsocks-manager,knex,b0b977167f8d2b6199d75063ec7eb8f64c03a42b,^0.20.1,0.20.1,0.20.1,0.19.5,614,2019-10-31T14:07:56Z,2019-11-02 16:31:47+08:00,"1,18",False
302,steemit/condenser,minimist,537702ecdb4cd8e267d9a910d2628db335060c14,1.2.2,1.2.2,1.2.5,1.2.2,3753,2020-03-16T03:28:45Z,2020-04-02 14:53:07+08:00,"17,3",True
303,team-friendo/signalboost,sequelize,8a5a758574d159e300489b82cce46891f85c5aae,^5.21.3,5.21.3,6.0.0,5.15.1,2,2019-10-29T16:11:49Z,2019-12-17 22:43:16-08:00,"49,14",False
304,team-friendo/signalboost,lodash,8a5a758574d159e300489b82cce46891f85c5aae,^4.17.15,4.17.15,4.17.15,4.17.13,4,2019-11-06T03:08:39Z,2019-12-17 22:43:16-08:00,"42,3",False
305,telldus/telldus-live-mobile-v3,axios,6776467cd77428b3ae9b2e2e58e296c39fe12453,~0.19.2,0.19.2,0.19.2,0.18.1,2,2019-10-28T14:17:28Z,2020-03-06 13:33:55+05:30,"129,17",False
306,telldus/telldus-live-mobile-v3,lodash,6776467cd77428b3ae9b2e2e58e296c39fe12453,~4.17.11,4.17.11,4.17.15,4.17.13,3,2019-10-28T14:17:32Z,2020-03-06 13:33:55+05:30,"129,17",False
307,thomaspark/bootswatch,jquery,2a3e1c5ff57f200164d123ae0bfeeb32b0045a20,^3.5.1,3.5.1,3.5.1,3.5.0,961,2020-04-30T06:20:11Z,2020-05-13 21:11:40-04:00,"13,18",False
308,thomaspark/bootswatch,jquery,2a3e1c5ff57f200164d123ae0bfeeb32b0045a20,^3.5.1,3.5.1,3.5.1,3.5.0,961,2020-04-30T06:20:11Z,2020-05-13 21:11:40-04:00,"13,18",False
309,tillhub/schemas,codecov,47cc70883b58010231eb3e2801bd1782d92b473b,^3.7.2,3.7.2,4.0.0-0,3.6.5,347,2020-02-19T17:57:22Z,2020-08-24 15:30:08+02:00,"186,19",False
310,topcoder-platform/community-app,serialize-javascript,0437b681647fbeb47929324759fa81304b3b473d,^2.1.1,2.1.1,3.0.0,2.1.1,3493,2019-12-05T18:46:26Z,2020-04-17 13:25:45+03:00,"133,15",True
311,viewstools/morph,minimist,c0ff1c9c7dfc2c87ce672a572ba7dd9aa8ed9cee,^1.2.0,1.2.0,1.2.5,1.2.2,185,2020-03-16T03:57:24Z,2020-06-12 21:52:49+02:00,"88,15",False
312,viewstools/morph,minimist,c0ff1c9c7dfc2c87ce672a572ba7dd9aa8ed9cee,^1.2.0,1.2.0,1.2.5,1.2.3,186,2020-04-04T16:33:37Z,2020-06-12 21:52:49+02:00,"69,3",False
313,viz-centric/flair-bi,bower,f7967692b7e09be6b5c30c523df7b339feaaf705,1.8.8,1.8.8,1.8.8,1.8.8,321,2019-11-18T18:23:19Z,2020-03-17 22:53:50+01:00,"120,3",False
314,vlocityinc/vlocity_build,js-yaml,79cb950818a782ad1ddb7fd77ae60989bd85e76e,3.13.1,3.13.1,3.13.1,3.13.1,232,2019-10-09T16:36:55Z,2020-04-06 09:49:56-07:00,"180,0",False
315,vlocityinc/vlocity_build,js-yaml,79cb950818a782ad1ddb7fd77ae60989bd85e76e,3.13.1,3.13.1,3.13.1,3.13.1,232,2019-10-09T16:36:55Z,2020-04-06 09:49:56-07:00,"180,0",False
316,vtex/address-form,eslint,c8d73825096dd5e529cd4a34cf484aaaa24b94f1,^6.8.0,6.8.0,7.8.0,4.18.2,184,2019-07-25T22:47:55Z,2020-09-01 10:47:46-03:00,"403,14",False
317,vtex/address-form,eslint-utils,06e452241117524bb5379919253e0349016ed134,^1.3.1,1.3.1,1.4.2,1.4.1,199,2019-08-27T03:28:20Z,2019-09-19 17:57:25-03:00,"23,17",False
318,vtex/address-form,eslint-utils,06e452241117524bb5379919253e0349016ed134,^1.3.1,1.3.1,1.4.2,1.4.1,200,2019-08-27T03:28:26Z,2019-09-19 17:57:25-03:00,"23,17",False
319,vuejs/vue,serialize-javascript,fc41f913124b4c9cfdc9670392009774c7fc85ad,^2.1.2,2.1.2,2.1.2,2.1.1,10904,2019-12-07T07:36:37Z,2019-12-13 14:51:41-05:00,"6,12",False
320,webpack/webpack.js.org,handlebars,f5a399c1b77d6d461a048eb17356d4a93545d97d,4.5.3,4.5.3,4.5.3,4.5.3,3427,2019-12-28T02:10:31Z,2019-12-28 13:14:59+02:00,"0,9",False
321,webpack/webpack.js.org,minimist,eb48677d3dec74b8fafd551dc01154ebc6153147,1.2.2,1.2.2,1.2.5,1.2.2,3622,2020-03-16T04:14:48Z,2020-03-18 20:53:23+02:00,"2,14",True
322,webpack/webpack.js.org,minimist,22dcb8a1ce7e2a1b02aa4cd6c99af0a69fba2ea7,1.2.3,1.2.3,1.2.5,1.2.2,3622,2020-03-16T04:14:48Z,2020-04-05 12:53:53+02:00,"20,6",False
323,webpack/webpack.js.org,minimist,22dcb8a1ce7e2a1b02aa4cd6c99af0a69fba2ea7,1.2.3,1.2.3,1.2.5,1.2.3,3677,2020-04-05T07:44:17Z,2020-04-05 12:53:53+02:00,"0,3",True
324,wesbos/Syntax,next,2a6a4a6eb8fb773202d53c80fd44ed5fe8cf049a,^9.4.2,9.4.2,9.4.2,9.3.2,483,2020-03-31T23:00:43Z,2020-05-25 20:48:33+02:00,"54,19",False
325,wikimedia/mediawiki-extensions-Popups,jquery,189b386a131815985ec9dcb7b7f2b6d7b25d4f5c,3.3.1,3.3.1,3.4.1,3.4.0,1,2019-11-04T18:11:36Z,2019-12-11 15:16:13-08:00,"37,5",False
326,wikimedia/mediawiki-extensions-Popups,jquery,189b386a131815985ec9dcb7b7f2b6d7b25d4f5c,3.3.1,3.3.1,3.4.1,3.4.0,1,2019-11-04T18:11:36Z,2019-12-11 15:16:13-08:00,"37,5",False
327,willin/github-trending,axios,12813ddb8e627687a91a354f9ab87bfab7dfe1c8,^0.19.2,0.19.2,0.19.2,0.18.1,3,2019-10-13T14:31:32Z,2020-07-03 11:58:42+08:00,"263,13",False
328,wirecard/merchant-documentation-gateway,minimist,51ac09d604af3e8fae34c615b1257ddc2648062e,^1.2.5,1.2.5,1.2.5,1.2.2,354,2020-03-17T09:16:10Z,2020-04-06 11:40:02+02:00,"20,0",False
329,wirecard/merchant-documentation-gateway,minimist,51ac09d604af3e8fae34c615b1257ddc2648062e,^1.2.5,1.2.5,1.2.5,1.2.3,380,2020-04-06T09:38:11Z,2020-04-06 11:40:02+02:00,"0,0",False
330,wordpress-mobile/gutenberg-mobile,eslint,c5d4c7ded8593439f241a2fcf58af7e58198316d,^5.12.1,5.12.1,6.8.0,4.18.2,1281,2019-08-09T14:21:08Z,2020-02-07 14:39:55+01:00,"181,23",False
331,your-digital-rights/yourdigitalrights.org,next,c7a6e2b5b129fd98849dfc61283589bfc439047e,^9.3.0,9.3.0,9.4.0,9.3.2,140,2020-03-31T06:22:07Z,2020-05-15 09:40:19+01:00,"45,2",False
332,zebrunner/reporting-ui,angular,e62091189f3ea71e64202928f866f1db6e2de8d4,^1.7.0,1.7.0,1.7.9,1.7.9,257,2019-11-20T16:57:55Z,2020-01-27 17:06:59+03:00,"67,21",False
333,zebrunner/stf,lodash,87fbd24ad9412367d819066fed0730ef615a5c28,^4.14.2,4.14.2,4.17.20,4.17.13,84,2019-10-23T01:09:04Z,2020-12-24 03:19:39+03:00,"427,23",False
334,zebrunner/stf,lodash,87fbd24ad9412367d819066fed0730ef615a5c28,^4.14.2,4.14.2,4.17.20,4.17.13,84,2019-10-23T01:09:04Z,2020-12-24 03:19:39+03:00,"427,23",False
335,zebrunner/stf,lodash,87fbd24ad9412367d819066fed0730ef615a5c28,^4.14.2,4.14.2,4.17.20,4.17.13,84,2019-10-23T01:09:04Z,2020-12-24 03:19:39+03:00,"427,23",False
336,zebrunner/stf,lodash,87fbd24ad9412367d819066fed0730ef615a5c28,^4.14.2,4.14.2,4.17.20,4.17.13,84,2019-10-23T01:09:04Z,2020-12-24 03:19:39+03:00,"427,23",False
337,zenmoney/ZenPlugins,webpack-dev-server,b9af5e3928df886ee210c845c8d782ee14b512e1,3.10.3,3.10.3,3.11.0,3.1.11,396,2019-10-01T13:39:23Z,2020-05-22 14:33:11+03:00,"233,21",False
338,zenmoney/ZenPlugins,react-dev-utils,b9af5e3928df886ee210c845c8d782ee14b512e1,4.2.3,4.2.3,10.2.1,3.1.2,402,2019-10-01T13:39:26Z,2020-05-22 14:33:11+03:00,"233,21",False
339,zenmoney/ZenPlugins,lodash,b9af5e3928df886ee210c845c8d782ee14b512e1,4.17.15,4.17.15,4.17.15,4.17.13,403,2019-10-01T13:39:28Z,2020-05-22 14:33:11+03:00,"233,21",False
340,zenmoney/ZenPlugins,lodash,b9af5e3928df886ee210c845c8d782ee14b512e1,4.17.15,4.17.15,4.17.15,4.17.13,403,2019-10-01T13:39:28Z,2020-05-22 14:33:11+03:00,"233,21",False
341,zenmoney/ZenPlugins,lodash,b9af5e3928df886ee210c845c8d782ee14b512e1,4.17.15,4.17.15,4.17.15,4.17.13,403,2019-10-01T13:39:28Z,2020-05-22 14:33:11+03:00,"233,21",False
342,zenmoney/ZenPlugins,lodash,b9af5e3928df886ee210c845c8d782ee14b512e1,4.17.15,4.17.15,4.17.15,4.17.13,403,2019-10-01T13:39:28Z,2020-05-22 14:33:11+03:00,"233,21",False
343,zone-eu/zone-mta,minimist,a69aec12f529d1142f6f4c0a6c2b9f993f9b4a50,1.2.5,1.2.5,1.2.5,1.2.5,230,2020-03-13T21:38:13Z,2020-04-02 15:01:22+03:00,"19,14",False
344,zotero/web-library,tinymce,9bc4c5cf696c0310da5636616cdd790844fce4e4,5.1.6,5.1.6,5.1.6,5.1.4,356,2020-01-30T21:22:59Z,2020-01-31 17:27:56+01:00,"0,19",False
